Model,Train R²,Test R²,CV R² Mean,CV R² Std,RMSE,MAE,MAPE (%),Training Time (s),Inference (ms),Accuracy (%)
CatBoost,0.976628823732674,0.941700780079142,0.9392379978212639,0.0017701301918300791,0.5317027206066166,0.4244146776620623,5.571195594040233,2.5127766132354736,0.02601146697998047,94.1700780079142
Gradient Boosting,0.9815019896235697,0.9359931530866226,0.9330959688327276,0.002596610386949054,0.5571225374849379,0.45071969185072647,5.902994604730873,13.541869163513184,0.021834373474121094,93.59931530866226
LightGBM,0.9904502264820189,0.9320441585632483,0.9309559974125634,0.0027126763816881106,0.5740515683896988,0.4613747897337192,6.043800177619986,0.9393432140350342,0.07866382598876953,93.20441585632483
XGBoost,0.9944470507486918,0.9310351860665615,0.9286842061167434,0.0027625596752716437,0.5782974736973735,0.4649116743454118,6.132656952917435,2.8246846199035645,0.019419193267822266,93.10351860665615
Extra Trees,0.9958017052551021,0.9164558736104444,0.9124563097042995,0.003632324613797925,0.6364956965761009,0.503972288465788,6.683766174948288,0.6980080604553223,0.5907678604125977,91.64558736104445
Random Forest,0.9724697050579749,0.888254734295175,0.8859733613722485,0.0030223956639261525,0.7361258637634275,0.5817800555627277,7.872442511248893,0.5350456237792969,0.5760359764099121,88.8254734295175
